id,name,model_id:id,group_id:id,perm_read,perm_write,perm_create,perm_unlink
access_hotel_building_manager,access.hotel.building.manager,model_hotel_building,group_hotel_manager,1,1,1,1
access_hotel_building_receptionist,access.hotel.building.receptionist,model_hotel_building,group_hotel_receptionist,1,0,0,0
access_hotel_room_manager,access.hotel.room.manager,model_hotel_room,group_hotel_manager,1,1,1,1
access_hotel_room_receptionist,access.hotel.room.receptionist,model_hotel_room,group_hotel_receptionist,1,1,1,0
access_hotel_customer_manager,access.hotel.customer.manager,model_hotel_customer,group_hotel_manager,1,1,1,1
access_hotel_customer_receptionist,access.hotel.customer.receptionist,model_hotel_customer,group_hotel_receptionist,1,1,1,0
access_hotel_reservation_manager,access.hotel.reservation.manager,model_hotel_reservation,group_hotel_manager,1,1,1,1
access_hotel_reservation_receptionist,access.hotel.reservation.receptionist,model_hotel_reservation,group_hotel_receptionist,1,1,1,0
access_hotel_payment_manager,access.hotel.payment.manager,model_hotel_payment,group_hotel_manager,1,1,1,1
access_hotel_payment_receptionist,access.hotel.payment.receptionist,model_hotel_payment,group_hotel_receptionist,1,0,0,0
access_hotel_invoice_manager,access.hotel.invoice.manager,model_hotel_invoice,group_hotel_manager,1,1,1,1
access_hotel_invoice_receptionist,access.hotel.invoice.receptionist,model_hotel_invoice,group_hotel_receptionist,1,0,0,0
access_hotel_space_manager,access.hotel.space.manager,model_hotel_space,group_hotel_manager,1,1,1,1
access_hotel_space_event_coordinator,access.hotel.space.event_coordinator,model_hotel_space,group_hotel_event_coordinator,1,1,1,0
access_hotel_staff_manager,access.hotel.staff.manager,model_hotel_staff,group_hotel_manager,1,1,1,1
access_hotel_staff_housekeeper,access.hotel.staff.housekeeper,model_hotel_staff,group_hotel_housekeeper,1,0,0,0
access_hotel_planning_manager,access.hotel.planning.manager,model_hotel_planning,group_hotel_manager,1,1,1,1
access_hotel_planning_housekeeper,access.hotel.planning.housekeeper,model_hotel_planning,group_hotel_housekeeper,1,0,0,0
