<odoo>
    <data>
        <!-- Manager Group -->
        <record id="group_hotel_manager" model="res.groups">
            <field name="name">Hotel Manager</field>
        </record>

        <!-- Receptionist Group -->
        <record id="group_hotel_receptionist" model="res.groups">
            <field name="name">Hotel Receptionist</field>
        </record>

        <!-- Event Coordinator Group -->
        <record id="group_hotel_event_coordinator" model="res.groups">
            <field name="name">Event Coordinator</field>
        </record>

        <!-- Housekeeper Group -->
        <record id="group_hotel_housekeeper" model="res.groups">
            <field name="name">Housekeeper</field>
        </record>
    </data>
</odoo>
